{
  "homography_matrix": [
    [
      0.15797788309636654,
      0.0,
      -89.57345971563984
    ],
    [
      0.0,
      -0.1893939393939395,
      175.75757575757584
    ],
    [
      0.0,
      0.0,
      1.0
    ]
  ],
  "image_corners": [
    [
      567.0,
      928.0
    ],
    [
      567.0,
      400.0
    ],
    [
      1200.0,
      400.0
    ],
    [
      1200.0,
      928.0
    ]
  ],
  "real_world_corners": [
    [
      0.0,
      0.0
    ],
    [
      0.0,
      100.0
    ],
    [
      100.0,
      100.0
    ],
    [
      100.0,
      0.0
    ]
  ]
}