{
  "homography_matrix": [
    [
      -0.24552760766140289,
      -0.182732823093269,
      200.4710938380755
    ],
    [
      -0.123338312239494,
      -0.01514681027502581,
      97.25550494589996
    ],
    [
      -0.0017635462705050456,
      0.00038384226039004315,
      1.0
    ]
  ],
  "image_corners": [
    [
      783.0,
      45.0
    ],
    [
      762.0,
      216.0
    ],
    [
      388.0,
      333.0
    ],
    [
      492.0,
      436.0
    ]
  ],
  "real_world_corners": [
    [
      0.0,
      0.0
    ],
    [
      100.0,
      0.0
    ],
    [
      100.0,
      100.0
    ],
    [
      0.0,
      100.0
    ]
  ]
}